User;FirstName;LastName
a;Arthur;Pendragon
b;Brigitte;Bernanrd
c;Camille;Dubois
d;Dominique;Thomas
e;Epiphane;Robet
f;France;Richard
g;Genevière;De Carmélide
h;Hippolyte;Durand
i;Isabeau;Leroy
j;Jacques;Chambon
k;Karadoc;De Vannes
l;Lancelot;Du Lac
m;Maxime;Lefebvre
n;Nine;Michel
o;Olympe;Garcia
p;Provençal;Le gaulois
q;Quentin;Bertrand
r;Roch;Roux
s;Scholatiques;Vincent
t;Tancrède;Fournier
u;Ursule;Morel
v;Viviane;Girard
w;Wandrille;Andre
x;Xenophon;Mercier
y;Ygerne;De Tintagel
z;Zoro;De La Vega
